domain_url,store_name,emails,phones,contacts,instagram,facebook,twitter,linkedin,youtube,pinterest,whatsapp,telegram,other_socials,socials_count,category,tagline,logo_url,state,state_method,category_method,logo_method,india_method,shopify_method,myshopify_domain,sources,pages_crawled,products_sampled
https://aqualogica.in,Aqualogica,care@aqualogica.in; no-reply@aqualogica.in; nodal@honasa.in,+91 7032875233; +91 8901555444; +91 8988271617; +91 8922833121; +91 9366578401; +91 9907381473,care@aqualogica.in; no-reply@aqualogica.in; nodal@honasa.in; +91 7032875233; +91 8901555444; +91 8988271617; +91 8922833121; +91 9366578401; +91 9907381473,https://www.instagram.com/aqualogica.in,https://www.facebook.com/aqualogica.in,https://x.com/aqualogica,,https://www.youtube.com/channel/UCUq8lpm2Akn9thoGCMPWpCA,,,,,4,Skincare,"Buy Aqualogica skin care products Up to 20% off use Code: GLOW20. One-step destination for skin hydration, give your skin a treat of fruits and actives.",https://aqualogica.in/cdn/shop/files/Aqualogica-logo-388x100_1.png?v=1704017114,Haryana,meta.json,catalog,json_ld,meta.json,meta.json,aqualogicaprod.myshopify.com,seeds,5,100
https://beardo.in,Beardo India,support@beardo.in,+91 8133886260; +91 7734837556; +91 9291505972; +91 9322242356; +91 7435000861,support@beardo.in; +91 8133886260; +91 7734837556; +91 9291505972; +91 9322242356; +91 7435000861,https://www.instagram.com/beardo.official,https://www.facebook.com/beardoofficial,https://twitter.com/beardoformen,,https://www.youtube.com/channel/UC8tE3gNWC-B6BqLuKkqivxw,,,,,4,Fragrance,"India&#39;s #1 men&#39;s grooming brand. Shop beard oils, growth serums, face washes, fragrances &amp; more. Free shipping on orders above Rs. 499. Shop now.",https://beardo.in/cdn/shop/files/beardo_logo_white_png_1.png,Gujarat,meta.json,catalog,json_ld,meta.json,meta.json,beardo-ind.myshopify.com,seeds,6,100
https://berrylush.com,Berrylush,,,,,,,,,,,,,0,,"Online fashion shopping store for women clothes, apparels in India. Buy the latest trending dresses, tops, jumpsuit, palazzo pants &amp; much more for women. We carry all variety of women&#39;s dresses for every occasion in styles you&#39;ll love. 24 Hours Shipping | COD | Easy Returns | Official On",https://www.berrylush.com/cdn/shop/files/berrylush_bba53666-4d6f-432a-86fe-c8a425dd53ef.png?v=1784360594&width=500,Karnataka,meta.json,,img_heuristic,meta.json,meta.json,berrylush.myshopify.com,seeds,1,0
https://bluenectar.co.in,Blue Nectar,cofounder@bluenectar.co.in; cs@bluenectar.co.in,+91 7470600000; +91 9287148789; +91 9496947957; +91 9441972562; +91 6770588917; +91 9999519750,cofounder@bluenectar.co.in; cs@bluenectar.co.in; +91 7470600000; +91 9287148789; +91 9496947957; +91 9441972562; +91 6770588917; +91 9999519750,https://www.instagram.com/BlueNectar_Ayurved,https://www.facebook.com/BlueNectarAyurved,,,https://www.youtube.com/c/BlueNectarAyurved,,,,,3,Skincare,Experience Glamorous and Contemporary Ayurvedic Products online. Rich in Sensory experience there are Skincare products for Men as well as Women,https://www.bluenectar.co.in/cdn/shop/files/Bn_Logo_1.jpg?v=1663652637&width=200,Haryana,meta.json,catalog,json_ld,meta.json,meta.json,bluenectar.myshopify.com,seeds,3,100
https://bluetokaicoffee.com,Blue Tokai Coffee Roasters,getcoffee@bluetokaicoffee.com; emandate@bluetokaicoffee.com,+91 6650426369; +91 6083194881; +91 6517219383; +91 8772779063; +91 8352378935; +91 7835524151; +91 9606047077,getcoffee@bluetokaicoffee.com; emandate@bluetokaicoffee.com; +91 6650426369; +91 6083194881; +91 6517219383; +91 8772779063; +91 8352378935; +91 7835524151; +91 9606047077,https://www.instagram.com/bluetokaicoffee,https://www.facebook.com/bluetokaicoffee,https://twitter.com/bluetokaicoffee,,,,,,,3,Food & Beverage,"Blue Tokai Coffee brings you fresh single estate 100% Arabica coffee beans, roasted with care, from the best farms across India. Order yours online now!",http://bluetokaicoffee.com/cdn/shop/files/og-image_fb86e907-95f5-4bce-a80f-c940e284474d.jpg?v=1692794605,Haryana,meta.json,catalog,og_image_fallback,meta.json,meta.json,blue-tokai-coffee-roasters.myshopify.com,seeds,5,100
https://boat-lifestyle.com,boAt Lifestyle,careers@imaginemarketingindia.com; info@imaginemarketingindia.com; grievance.officer@imaginemarketingindia.com,+91 8341527650; +91 8042548322; +91 9610909794; +91 7329430626; +91 7728615522; +91 8876150882; +91 9399390306; +91 9454309474; +91 7883634786,careers@imaginemarketingindia.com; info@imaginemarketingindia.com; grievance.officer@imaginemarketingindia.com; +91 8341527650; +91 8042548322; +91 9610909794; +91 7329430626; +91 7728615522; +91 8876150882; +91 9399390306; +91 9454309474; +91 7883634786,https://www.instagram.com/boat.nirvana,https://www.facebook.com/boat.lifestyle,https://twitter.com/RockWithboAt,https://www.linkedin.com/company/boat-lifestyle,https://www.youtube.com/channel/UCY3JXaO_v8H3E6hTYUp5qWQ,,https://api.whatsapp.com/send,,,6,Electronics & Gadgets,"Check out the breathtaking collection of Earbuds, Headphones, Earphones &amp; Wireless Speakers with contemporary designs and best features from India’s No.1 Earwear Audio Brand - boAt Lifestyle.",http://www.boat-lifestyle.com/cdn/shop/files/profile-1_2e1d2124-ba4c-43f0-bb83-0e6ee038ff30.png?v=1681111976,Maharashtra,meta.json,catalog,og_image_fallback,meta.json,meta.json,boatlifestylein.myshopify.com,seeds,4,100
https://bombayshavingcompany.com,Bombay Shaving Company,care@bombayshavingcompany.com; razorpreneur@bombayshavingcompany.com,+91 7635386640; +91 9623178394; +91 6040826010; +91 9835864218; +91 9806373018; +91 6859958426; +91 8096878204,care@bombayshavingcompany.com; razorpreneur@bombayshavingcompany.com; +91 7635386640; +91 9623178394; +91 6040826010; +91 9835864218; +91 9806373018; +91 6859958426; +91 8096878204,https://www.instagram.com/bombayshavingcompany,https://www.facebook.com/bombayshavingcompany,https://twitter.com/BombayShavingCo,,https://www.youtube.com/c/Bombayshavingcompany,,,,,4,Fragrance,"Bombay Shaving Company is a premium personal care and grooming solutions brand committed to delivering truly remarkable customer experiences. Ours thoughtfully curated personal care regimens double-up as the perfect gifting options for special occasions, too. Come, shine like never before with produ",https://www.bombayshavingcompany.com/cdn/shop/files/Group_23d45b8a-8bf0-4c72-950d-6fef387b2999.png,Haryana,meta.json,catalog,json_ld,meta.json,meta.json,bombay-shaving.myshopify.com,seeds,5,100
https://bonkerscorner.com,BonkersCorner,info@bonkerscorner.com,+91 8642263404; +91 6645181540; +91 7359420780; +91 6722017644; +91 8475606116; +91 8475507812; +91 8531377252; +91 8634018989; +91 8475442276,info@bonkerscorner.com; +91 8642263404; +91 6645181540; +91 7359420780; +91 6722017644; +91 8475606116; +91 8475507812; +91 8531377252; +91 8634018989; +91 8475442276,https://www.instagram.com/bonkers.corner,https://www.facebook.com/TeamBonkerscorner,https://x.com/BonkersCornerX,,https://www.youtube.com/@bonkerscorner,https://www.pinterest.com/bonkerscorner9,https://wa.me/918655700724,,,6,Men's Apparel,"Bonkers Corner is a place where comfort meets crazy! Unique, Affordable Unisex Luxury Fashion, &amp; high-quality unisex streetwear brand. Shop Bonkers revolution!",https://www.bonkerscorner.com/cdn/shop/t/279/assets/logo.png?v=68821,Maharashtra,meta.json,catalog,json_ld,meta.json,meta.json,bonkerscorner-store.myshopify.com,seeds,5,100
https://chumbak.com,Chumbak,help@chumbak.in; bulk-orders@chumbak.in,+91 9980127955; +91 9477786802; +91 8392550578; +91 9493482674; +91 8891145394; +91 6141342898; +91 7720762546; +91 6665920690; +91 9223323826; +91 7934570674; +91 6649012402; +91 8046800250; +91 6665887922,help@chumbak.in; bulk-orders@chumbak.in; +91 9980127955; +91 9477786802; +91 8392550578; +91 9493482674; +91 8891145394; +91 6141342898; +91 7720762546; +91 6665920690; +91 9223323826; +91 7934570674; +91 6649012402; +91 8046800250; +91 6665887922,https://www.instagram.com/chumbak,https://www.facebook.com/Chumbak,,,,,https://api.whatsapp.com/send,,,3,Bags & Luggage,"Choose from a wide range of products across the categories like Furniture, Bed &amp; Furnishing, Decor, Kitchen &amp; Dining under Home and Bags &amp; Wallet, Watches and Beauty &amp; Fragrance under Lifestyle.",http://www.chumbak.com/cdn/shop/files/test.png?v=1686152413&width=2048,Karnataka,meta.json,catalog,og_image_fallback,meta.json,meta.json,chumbakdesign.myshopify.com,seeds,5,100
https://consciousfood.com,Conscious Food Pvt Ltd,care@consciousfood.com; export@consciousfood.com,+91 9967166755; +91 8950280356; +91 8003022076; +91 6280777980; +91 9274632356; +91 9639110820; +91 9640880292; +91 9642944676,care@consciousfood.com; export@consciousfood.com; +91 9967166755; +91 8950280356; +91 8003022076; +91 6280777980; +91 9274632356; +91 9639110820; +91 9640880292; +91 9642944676,,,,,,,https://wa.me/919152010747,,,1,Food & Beverage,"Conscious Food has been the purveyor of certified organic &amp;amp; natural food since 1990. Choose from a curated range of organic food products. Shop your organic groceries online. Buy cold pressed oils and chakki ground atta online. Rich in fibre, no preservatives, improves gut health. Buy best q",https://www.consciousfood.com/cdn/shop/t/31/assets/logo.png?v=28711,Maharashtra,meta.json,catalog,json_ld,meta.json,meta.json,conscious-food-pvt-ltd.myshopify.com,seeds,6,100
https://cureveda.com,Cureveda,info@cureveda.com,+91 9691997997; +91 9246731310; +91 7645618222; +91 7529489454; +91 6789287982; +91 6811766830; +91 6879465518; +91 9751517230; +91 8698360878; +91 8699835438; +91 8699868206; +91 8699900974; +91 7409430574; +91 7408119854; +91 6410097710; +91 8699278382; +91 8413042734,info@cureveda.com; +91 9691997997; +91 9246731310; +91 7645618222; +91 7529489454; +91 6789287982; +91 6811766830; +91 6879465518; +91 9751517230; +91 8698360878; +91 8699835438; +91 8699868206; +91 8699900974; +91 7409430574; +91 7408119854; +91 6410097710; +91 8699278382; +91 8413042734,https://www.instagram.com/curevedaremedies,https://www.facebook.com/curevedaremedies,https://twitter.com/Cureveda1,,,,https://wa.me/918412066669,,,4,Ayurveda & Wellness,"Cureveda offers plant-based herbal supplements crafted with potent herbs for immunity, hair health, stress relief, and more. Embrace natural healing with safe, effective, and holistic wellness solutions.",https://www.cureveda.com/cdn/shop/files/logo_fea5eacc-99d3-464f-b814-8af6b2aac4a8.png?v=1705557999&width=250,Maharashtra,meta.json,catalog,json_ld,meta.json,meta.json,curevedastore.myshopify.com,seeds,6,100
https://drvaidyas.com,Dr Vaidya's,,+91 7805379774; +91 7996441790; +91 6000795838; +91 8638339262; +91 6465271998; +91 9110910142; +91 7078174910; +91 8944667838; +91 6464354494; +91 8069477566; +91 6150774974; +91 7251206334; +91 7245111486,+91 7805379774; +91 7996441790; +91 6000795838; +91 8638339262; +91 6465271998; +91 9110910142; +91 7078174910; +91 8944667838; +91 6464354494; +91 8069477566; +91 6150774974; +91 7251206334; +91 7245111486,https://www.instagram.com/dr.vaidyas,https://www.facebook.com/Dr-Vaidyas-New-Age-Ayurveda-105221161339197,,,https://www.youtube.com/channel/UC2h6ZCRpYzIWBvNUSzGdGyA,,https://api.whatsapp.com/send,,,4,Ayurveda & Wellness,"Avail Ayurvedic Medicine Online at great prices. Boost your Health with Best Ayurvedic Products for Piles, Liver &amp; much more for both Men and Women. Grab Now!",https://drvaidyas.com/cdn/shop/files/logo_f4876803-6f12-4d15-ad7b-4e3b6b5aa365.png?v=1788959275&width=234,Maharashtra,meta.json,catalog,json_ld,meta.json,meta.json,dr-vaidya.myshopify.com,seeds,6,71
https://earlyfoods.com,Early Foods India,hello@earlyfoods.com,+91 8049670521; +91 7588228572; +91 8731179218; +91 9358651282; +91 8095199933,hello@earlyfoods.com; +91 8049670521; +91 7588228572; +91 8731179218; +91 9358651282; +91 8095199933,https://www.instagram.com/earlyfoods,https://www.facebook.com/earlyfoodsindia,,,https://www.youtube.com/channel/UCmQulvAD5WsIai23h-f_k5g,,https://api.whatsapp.com/send,,,4,Food & Beverage,"Buy Early Foods Porridges for Babies, Sugar Free Cookies for Toddlers, Snacks for New Moms &amp; Snacks for Pregnant Moms are inspired by Traditional Indian Recipes from Grandma&#39;s Kitchen. Made from Organically Certified Grains which helps feed Nutrition-Dense Food for Picky Eaters.",,Maharashtra,meta.json,catalog,,meta.json,meta.json,early-foods.myshopify.com,seeds,6,100
https://ellementry.com,ellementry,corporate@ellementry.com; international@ellementry.com; care@ellementry.com; customerdelight@ellementry.com,+91 9463855403; +91 9832508715; +91 9898038571; +91 9745077547; +91 8874200363; +91 7807696171; +91 6337539371; +91 7424888999,corporate@ellementry.com; international@ellementry.com; care@ellementry.com; customerdelight@ellementry.com; +91 9463855403; +91 9832508715; +91 9898038571; +91 9745077547; +91 8874200363; +91 7807696171; +91 6337539371; +91 7424888999,https://www.instagram.com/ellementryhome,https://www.facebook.com/ellementryhome,,,https://www.youtube.com/@ellementry,https://www.pinterest.com/ellementryhome,https://api.whatsapp.com/send,,,5,Home & Living,"ellementry offers a variety of handmade home decors, kitchenware, tableware, furniture and lighting products. Our products are microwave and food safe. Enjoy pre-festive offer up to 70% off. Enjoy ✓Free Shipping ✓Easy return ✓COD",https://www.ellementry.com/cdn/shop/files/ellementry-logo-2nd-new.png?v=1708170314&width=500,Rajasthan,meta.json,catalog,json_ld,meta.json,meta.json,core-ellementry.myshopify.com,seeds,6,100
https://exclusivelane.com,ExclusiveLane,el_logo_social_media_80_x_80_px_1_ba1e49e2-ed30-4e86-ae3b-94d7b404c8ac_150x@2x.png; care@exclusivelane.com; b2b@exclusivelane.com,+91 9599198374; +91 8882872008; +91 6488270910; +91 6814039104; +91 8800905536,el_logo_social_media_80_x_80_px_1_ba1e49e2-ed30-4e86-ae3b-94d7b404c8ac_150x@2x.png; care@exclusivelane.com; b2b@exclusivelane.com; +91 9599198374; +91 8882872008; +91 6488270910; +91 6814039104; +91 8800905536,https://www.instagram.com/exclusivelane,https://www.facebook.com/exclusivelane,https://twitter.com/exclusivelane,,,https://in.pinterest.com/exclusivelane,,,,4,Home & Living,"Buy Indian handicrafts online. Traditional &amp; authentic handicraft items - wooden, terracotta and ceramic. ⭐ COD Available ⭐ Free Shipping ⭐ Traditional Crafts of India",https://cdn.shopify.com/s/files/1/0030/9759/1872/files/EL_logo_social_media_80_x_80_px_1_ba1e49e2-ed30-4e86-ae3b-94d7b404c8ac_150x@2x.png?v=1655183699,Uttar Pradesh,meta.json,catalog,json_ld,meta.json,meta.json,exclusivea.myshopify.com,seeds,6,100
https://fireboltt.com,Fire-Boltt,background_150x@2x.png; infocare@boltt.com; fireboltt_logo-white_63df47fe-ed52-49a0-8eff-a25703a96674_x32@2x.png; help@boltt.com,+91 7991593151; +91 9211783359; +91 7567250623; +91 6154190015; +91 9148942527; +91 6423246015; +91 7858725055,background_150x@2x.png; infocare@boltt.com; fireboltt_logo-white_63df47fe-ed52-49a0-8eff-a25703a96674_x32@2x.png; help@boltt.com; +91 7991593151; +91 9211783359; +91 7567250623; +91 6154190015; +91 9148942527; +91 6423246015; +91 7858725055,https://instagram.com/fireboltt_,https://www.facebook.com/bolttsports,,,https://www.youtube.com/channel/UCQh4jrmKaQdNlY_wsrCBAuQ,,,,,3,Jewellery,Fire-Boltt India&#39;s No. 1 Smart watch Brand. Get the latest Smartwatches and Audio Devices with best features and designs for Men and Women.,https://www.fireboltt.com/cdn/shop/files/Background_150x@2x.png?v=1620478900,Uttar Pradesh,meta.json,catalog,json_ld,meta.json,meta.json,boltt-audio.myshopify.com,seeds,2,100
https://giva.co,GIVA Jewellery,care@giva.co,+91 6183780442; +91 6242902748; +91 8569399386; +91 8249589922; +91 7471620258; +91 6290031216; +91 9228837724; +91 8791950498; +91 9232823458,care@giva.co; +91 6183780442; +91 6242902748; +91 8569399386; +91 8249589922; +91 7471620258; +91 6290031216; +91 9228837724; +91 8791950498; +91 9232823458,https://www.instagram.com/giva.co,https://www.facebook.com/GIVA.official,,https://www.linkedin.com/company/giva-co/mycompany,https://www.youtube.com/c/GIVAOfficial,,,,,4,Jewellery,"Shop BIS Hallmark Gold, 925 Silver &amp; Certified Lab Grown Diamond Jewellery at GIVA. Latest designs ✓ Best Offers ✓ Easy Returns ✓ Pan India Delivery",https://www.giva.co/cdn/shop/files/logo__3.png,Karnataka,meta.json,catalog,json_ld,meta.json,meta.json,giva-jewelry.myshopify.com,seeds,5,100
https://gonoise.com,Noise,,+91 8882132132; +91 7298016343; +91 6172738647; +91 8283509847,+91 8882132132; +91 7298016343; +91 6172738647; +91 8283509847,,,,,,,,,,0,Electronics & Gadgets,Noise is a design-first lifestyle technology brand on a mission to make smart technology more accessible and an integral part of everyday life.,https://www.gonoise.com/cdn/shop/files/logonameblack_0815a646-5ace-405a-bd13-66c1f3c89f04_grande.png?v=1614338191,Haryana,meta.json,catalog,json_ld,meta.json,meta.json,mansinoise.myshopify.com,seeds,2,100
https://goofytails.com,GoofyTails,support@goofytails.com; care@goofytails.com,+91 9625562135; +91 8283491478; +91 8410731071; +91 9496166973,support@goofytails.com; care@goofytails.com; +91 9625562135; +91 8283491478; +91 8410731071; +91 9496166973,https://www.instagram.com/goofytailsindia,https://www.facebook.com/goofytails1,https://twitter.com/goofytails,,https://www.youtube.com/channel/UCrzy8Kdk9GyURNxqH7Aenmw,,https://wa.me/message/4CE3N3CLVN5RJ1,,,5,Pets,Goofy Tails - Honest and Holistic Pet Nutrition and Lifestyle. Goofy Tails is on a mission to give back a happy and longer lifespan with the best on pet nutrition. Unlimited waggs and purrs is what we wish to achieve with our furry babies and smiling and stress free pet parents.,https://cdn.shopify.com/s/files/1/0582/8349/1478/files/arrow-grey.svg?v=1724578105,Delhi,meta.json,catalog,img_heuristic,meta.json,meta.json,goofytails.myshopify.com,seeds,6,100
https://happilo.com,Happilo,care@happilo.com; mailsupport@gmail.com; careers@happilo.com,+91 8884484000; +91 6968675527; +91 8482745573; +91 8019837127; +91 6020332773; +91 6017613029; +91 6017842405; +91 7636483301,care@happilo.com; mailsupport@gmail.com; careers@happilo.com; +91 8884484000; +91 6968675527; +91 8482745573; +91 8019837127; +91 6020332773; +91 6017613029; +91 6017842405; +91 7636483301,https://www.instagram.com/rrrapidservice/reel/DZfKMssCC-f,https://www.facebook.com/happiloonlinestore,,https://in.linkedin.com/company/happilo-international-pvt-ltd,https://www.youtube.com/@HappiloIndia,,,,,4,Food & Beverage,"Choose among the wide range of premium dry fruits, nuts, seeds, dried fruits, Berries, and trail mixes online in India. Shop from India&#39;s best dry fruit brand!",https://cdn.shopify.com/s/files/1/0569/6867/5527/files/finalised_logo_-_cropped_858d6789-4693-488a-bcf6-b3eacc4af9c2.jpg?v=1674459828,Karnataka,meta.json,catalog,og_image_fallback,meta.json,meta.json,happilo-international-private-limited.myshopify.com,seeds,5,100
https://headsupfortails.com,Heads Up For Tails,orders@headsupfortails.com; hello@headsupfortails.com; grc@headsupfortails.com; wecare@headsupfortails.com,+91 8607957054; +91 6830715904; +91 6694621246; +91 6755700798; +91 6146930750; +91 9676208190,orders@headsupfortails.com; hello@headsupfortails.com; grc@headsupfortails.com; wecare@headsupfortails.com; +91 8607957054; +91 6830715904; +91 6694621246; +91 6755700798; +91 6146930750; +91 9676208190,https://instagram.com/headsupfortails,https://facebook.com/headsupfortails,https://twitter.com/huftindia,https://in.linkedin.com/company/heads-up-for-tails,https://www.youtube.com/c/HeadsUpForTailsOfficial,https://pinterest.com/headsupfortails,https://api.whatsapp.com/send,,,7,Pets,"Discover a wide range of pet products at HUFT. Shop online or visit our 100+ retail stores across India for pet food, toys, grooming, accessories, and more",https://cdn.shopify.com/s/files/1/0086/0795/7054/files/HUFT_logo_3.png,Haryana,meta.json,catalog,json_ld,meta.json,meta.json,headsupfortails.myshopify.com,seeds,6,100
https://justherbs.in,Just Herbs,customer.support@justherbs.in; manish.kumar@justherbs.in; ____________@marico.com; mayuresh.purandare@marico.com,+91 8976826904; +91 8976826905; +91 8988271617; +91 6858594381; +91 6078474317; +91 7757465677; +91 8251775053,customer.support@justherbs.in; manish.kumar@justherbs.in; ____________@marico.com; mayuresh.purandare@marico.com; +91 8976826904; +91 8976826905; +91 8988271617; +91 6858594381; +91 6078474317; +91 7757465677; +91 8251775053,https://www.instagram.com/justherbsindia,https://www.facebook.com/justherbs,https://x.com/JustHerbsIndia,https://in.linkedin.com/company/apcos-naturals-herbalists-since-2002-,https://www.youtube.com/channel/UC0tLWfVWGXrz3_LPTuU88VA,,,,,5,Beauty & Cosmetics,"Just Herbs - An Official Indian e-store for herbal, organic &amp; ayurvedic cosmetic &amp; beauty products for skincare, hair, bath &amp; body. It is Pure, Bespoke and Ayurvedic. Visit Now to get at best Price.",http://www.justherbs.in/cdn/shop/files/Logo_JH_88939a9a-7e44-45b3-b819-298b0ad23559.png?v=1773119633,Punjab,meta.json,catalog,og_image_fallback,meta.json,meta.json,just-herbs-india.myshopify.com,seeds,6,100
https://karagiri.com,Karagiri,help@karagiri.com; brandkaragiri@gmail.com,+91 9311749215; +91 7251544797; +91 9230568451; +91 9931053907; +91 7172593857,help@karagiri.com; brandkaragiri@gmail.com; +91 9311749215; +91 7251544797; +91 9230568451; +91 9931053907; +91 7172593857,https://www.instagram.com/karagiri_ethnic,https://facebook.com/karagirii,https://twitter.com/karagiri2,,https://www.youtube.com/channel/UC7zcruPYUf0YV2xXkK2fu4Q,https://in.pinterest.com/karagiriEthnic,https://wa.me/+919611719459,,,6,Sarees & Ethnic Wear,"Karagiri has beautiful collections of Indian Ethnic wear online in India. Explore a wide range of products like Sarees, Lehenga Cholis, and Anarkalis at best price. Shop now!",https://www.karagiri.com/cdn/shop/files/Image_320x2x_1753700818956_640x.png?v=1753702173,Karnataka,meta.json,catalog,json_ld,meta.json,meta.json,karagiri.myshopify.com,seeds,5,100
https://libas.in,Libas,care@libas.in,+91 7927531670; +91 9899990772; +91 7608429718; +91 9643388054; +91 7142979742; +91 9497898134; +91 6020270230; +91 7920880780; +91 7921798284,care@libas.in; +91 7927531670; +91 9899990772; +91 7608429718; +91 9643388054; +91 7142979742; +91 9497898134; +91 6020270230; +91 7920880780; +91 7921798284,https://www.instagram.com/libasindia,https://www.facebook.com/libasindia,,,https://www.youtube.com/channel/UCD78_clPwFhkWTUv-R_yl8g,https://in.pinterest.com/libas_india,https://wa.me//+919205222171,,,5,Sarees & Ethnic Wear,"Browse from a wide range of Women&#39;s Clothing Online on Libas. Buy Indian Wear for Women like Kurtas, Dresses, Suits and more in best price ✯ COD ✯ Easy Returns",https://www.libas.in/cdn/shop/files/purple_Libas-Logo_1_1.png?v=1716187208&width=260,Uttar Pradesh,meta.json,catalog,json_ld,meta.json,meta.json,libasdelhi.myshopify.com,seeds,6,100
https://mcaffeine.com,mCaffeine,woot@mcaffeine.com,+91 8080645537; +91 9327310941; +91 7862872157; +91 8800872541,woot@mcaffeine.com; +91 8080645537; +91 9327310941; +91 7862872157; +91 8800872541,,,,,,,,,,0,Skincare,mCaffeine - India&#39;s first caffeinated brand for personal care. Give your hair and skin the best care with coffee-based vegan products. ✓ 5 million Happy Customers ✓ 4.7+ Rating ✓ SLS Free Products,https://cdn.shopify.com/s/files/1/1454/5188/files/logo_2x_80cda01b-05d6-421c-b260-fff9774a0c98.png?v=1742290610,Maharashtra,meta.json,catalog,json_ld,meta.json,meta.json,iamcaffeine.myshopify.com,seeds,1,100
https://miarcus.com,Mi Arcus,info@miarcus.com,+91 9873135523; +91 7657112797; +91 8890054949; +91 7815578625; +91 6830535973; +91 6830470437; +91 6260929829,info@miarcus.com; +91 9873135523; +91 7657112797; +91 8890054949; +91 7815578625; +91 6830535973; +91 6830470437; +91 6260929829,https://www.instagram.com/official_miarcus,https://www.facebook.com/MiArcusOfficial,https://twitter.com/officialmiarcus,https://www.linkedin.com/company/mi-arcus,https://www.youtube.com/@official_miarcus,,https://wa.me/917743007036,,,6,Men's Apparel,"MiArcus.com - Shop from the new arrivals range of baby clothes, jackets, sweaters, caps, mittens, rompers, onesies, shorts, vests, t-shirts, soft toys, diaper bags, baby shoes, baby carrier, baby cot bed, strollers and more.",http://miarcus.com/cdn/shop/files/logo-square-png_1200x1200.png?v=1721296370,Punjab,meta.json,catalog,og_image_fallback,meta.json,meta.json,miarcus.myshopify.com,seeds,6,100
https://mokobara.com,Mokobara,blk.del@mokobara.com; cpl.del@mokobara.com; mgf.ggn@mokobara.com; avn.del@mokobara.com; smt.del@mokobara.com; kbg.del@mokobara.com; hello@mokobara.com; support@mokobara.com; bulkorders@mokobara.com; careers@mokobara.com,+91 7975298840; +91 8904892616; +91 8770979910; +91 9383008000,blk.del@mokobara.com; cpl.del@mokobara.com; mgf.ggn@mokobara.com; avn.del@mokobara.com; smt.del@mokobara.com; kbg.del@mokobara.com; hello@mokobara.com; support@mokobara.com; bulkorders@mokobara.com; careers@mokobara.com; +91 7975298840; +91 8904892616; +91 8770979910; +91 9383008000,,,,,,,,,,0,Bags & Luggage,"Elevate the joy of travel with Mokobara. Shop thoughtfully designed luggage &amp; suitcase bags, travel bags, duffels, and backpacks. Made for modern travel.",https://mokobara.com/cdn/shop/files/Mokobara-logo-R.png?v=1693389220&width=1920,Karnataka,meta.json,catalog,json_ld,meta.json,meta.json,mokobara.myshopify.com,seeds,4,98
https://needledust.com,NEEDLEDUST,care@needledust.com,+91 9871511115; +91 9871882600; +91 9876749491; +91 9810965517; +91 6715732136; +91 8860248232; +91 8628065652; +91 8946493608; +91 8947607720; +91 8948263080,care@needledust.com; +91 9871511115; +91 9871882600; +91 9876749491; +91 9810965517; +91 6715732136; +91 8860248232; +91 8628065652; +91 8946493608; +91 8947607720; +91 8948263080,https://www.instagram.com/needledust,https://www.facebook.com/needledust,,,,,https://wa.me/919871511115,,,3,Footwear,"Discover premium handcrafted &amp; traditional footwear from Needledust. Shop women’s juttis, heels, purses &amp; sandals, and men’s and kids’ juttis for weddings and festive celebrations.",https://cdn.shopify.com/s/files/1/0467/1573/2136/files/Section_5_a0a1de20-6c8c-4eb0-8fc8-0bf43be694d5.webp?v=1787831676,Haryana,meta.json,catalog,og_image_fallback,meta.json,meta.json,needledustbyshirin.myshopify.com,seeds,5,100
https://planetpaaduks.in,Planet Paaduks,hello@paaduks.com,+91 8879121659; +91 8591939355; +91 8421705979; +91 6943057147; +91 6667608065; +91 9197857019,hello@paaduks.com; +91 8879121659; +91 8591939355; +91 8421705979; +91 6943057147; +91 6667608065; +91 9197857019,https://www.instagram.com/planetpaaduks,https://www.facebook.com/planetpaaduks,,https://www.linkedin.com/company/planetpaaduks/posts,https://www.youtube.com/@planetpaaduks,,,,,4,Footwear,"Discover premium footwear that blends style, comfort, and value. Designed by footwear experts for men &amp; women, every pair reflects ethical craftsmanship, transparent processes, and long-lasting wear. ✅Free Shipping ✅ Step into heritage with Planet Paaduks.",https://www.planetpaaduks.in/cdn/shop/files/Planet_Paaduks_Logo_206e388a-6df3-4a28-a391-e90b6b556ffc.png?v=1734513969&width=1024,Maharashtra,meta.json,catalog,json_ld,meta.json,meta.json,paaduks.myshopify.com,seeds,4,87
https://plumgoodness.com,Plum Goodness,hello@plumgoodness.com; grievance.officer@teampureplay.com,+91 7506496604; +91 6219455661; +91 9839044668; +91 7039467580; +91 8278736956; +91 9167036476; +91 9115422780; +91 6103008316,hello@plumgoodness.com; grievance.officer@teampureplay.com; +91 7506496604; +91 6219455661; +91 9839044668; +91 7039467580; +91 8278736956; +91 9167036476; +91 9115422780; +91 6103008316,https://www.instagram.com/plumgoodness,,,,https://www.youtube.com/channel/UC6tQtwAuADVKuxIRKfwMZfw,,https://api.whatsapp.com/send,,,3,Fragrance,"India&#39;s first 100% vegan beauty brand. Get best offers on Skincare, Haircare, Bodycare, Makeup &amp; more at Plum Goodness.",https://plumgoodness.com/cdn/shop/files/RGB_Plum_Chemistry_Logo_2nd.png?v=1729503727&width=4500,Maharashtra,meta.json,catalog,json_ld,meta.json,meta.json,plumgoodness-2.myshopify.com,seeds,6,100
https://powerlook.in,Powerlook,support@powerlook.in; server@powerlook.in,+91 9696333000; +91 9629532035; +91 7521861633; +91 6706113537; +91 7976727802; +91 9843619066; +91 9876550906; +91 9990649082; +91 9965319418,support@powerlook.in; server@powerlook.in; +91 9696333000; +91 9629532035; +91 7521861633; +91 6706113537; +91 7976727802; +91 9843619066; +91 9876550906; +91 9990649082; +91 9965319418,https://www.instagram.com/powerlookofficial,https://www.facebook.com/powerlookofficial,,,https://www.youtube.com/@powerlook6252,,https://wa.me/918828102133,,,4,Men's Apparel,"You see, at Powerlook, we’re not just here to sell clothes. We’re here to be part of your story. One outfit at a time.",https://www.powerlook.in/cdn/shop/files/pl-logo.png?v=1748948999&width=500,Maharashtra,meta.json,catalog,json_ld,meta.json,meta.json,powerlook-apparels.myshopify.com,seeds,6,100
https://ragecoffee.com,Rage Coffee,help@ragecoffee.com; legal@ragecoffee.com,+91 8543060000; +91 6295879780; +91 9305178279; +91 9886424063; +91 8726526119,help@ragecoffee.com; legal@ragecoffee.com; +91 8543060000; +91 6295879780; +91 9305178279; +91 9886424063; +91 8726526119,http://instagram.com/ragecoffee_,https://www.facebook.com/theragecoffee,https://twitter.com/theragecoffee,,https://www.youtube.com/c/RageCoffee,,,,,4,Food & Beverage,"Rage Coffee® is World&#39;s Most Effective Instant Coffee Infused with Natural Brain Vitamins &amp; Plant Based Cognitive Enhancers. Helps you increase focus &amp; power! -Designed for Convenience as Shots! Worldwide Shipping, Free Sample, No Fuss Returns &amp; COD Available!",https://ragecoffee.com/cdn/shop/t/167/assets/logo.png?v=51770,Haryana,meta.json,catalog,json_ld,meta.json,meta.json,rage-coffee.myshopify.com,seeds,4,36
https://rforrabbit.com,R for Rabbit,customercare@rforrabbit.com; affiliate@rforrabbit.com; sales@rforrabbit.com; vendor@rforrabbit.com; socialmedia@rforrabbit.com; orders@rforrabbit.com,+91 7348340934; +91 7358058713; +91 8256693465; +91 8980997337; +91 9501939929; +91 7720995033; +91 7348349340; +91 7064154329; +91 7721026777; +91 8685651161; +91 9346360537,customercare@rforrabbit.com; affiliate@rforrabbit.com; sales@rforrabbit.com; vendor@rforrabbit.com; socialmedia@rforrabbit.com; orders@rforrabbit.com; +91 7348340934; +91 7358058713; +91 8256693465; +91 8980997337; +91 9501939929; +91 7720995033; +91 7348349340; +91 7064154329; +91 7721026777; +91 8685651161; +91 9346360537,https://www.instagram.com/rforrabbitbaby,https://www.facebook.com/TheRforRabbit,,https://www.linkedin.com/company/r-for-rabbit,,https://in.pinterest.com/TheRforRabbitBabyCo,https://chat.whatsapp.com/Bgsc8HxcFHY00IrSr57LI3,,,5,Men's Apparel,"Visit us &amp; Get the Most Innovative baby products like Baby Feather Diapers, Baby Wipes, Baby Strollers &amp; Prams, Tricycle for Babies, Cots &amp; Cradles, Baby Car Seat, Swing Car, Scooters, High Chairs, Baby Walkers.",https://rforrabbit.com/cdn/shop/files/R_for_Rabbit_Website_logo_f10cf445-cc8c-42f3-9b3a-4b45261d6236.png?v=1759923592,Gujarat,meta.json,catalog,og_image_fallback,meta.json,meta.json,rforrabbit1.myshopify.com,seeds,6,100
https://rubans.in,Rubans,help@rubans.com,+91 9011988654; +91 8408370023; +91 7815578625; +91 8707061934,help@rubans.com; +91 9011988654; +91 8408370023; +91 7815578625; +91 8707061934,https://www.instagram.com/rubans.in,https://www.facebook.com/Rubansaccessories,,https://www.linkedin.com/company/rubans-accessories,https://www.youtube.com/channel/UCgrmhqmSt25K0fswOZyWNLQ,,https://api.whatsapp.com/send,,,5,Jewellery,Experience the epitome of style with designer fashion and gold plated jewellery. Explore a stunning collection that complements your personality.,http://rubans.in/cdn/shop/files/website_banner_f959ab62-9b47-43fd-8931-81ab5c11dae3.png?v=1738781721,Karnataka,meta.json,catalog,og_image_fallback,meta.json,meta.json,rubansaccessories.myshopify.com,seeds,6,100
https://sadhev.com,Sadhev,care@sadhev.com; info@sadhev.com; urcare@cholayil.com; turcare@cholayil.com,+91 7837969482; +91 6559684470; +91 7181238346; +91 7626792010; +91 6161759306; +91 7305015635; +91 8899107914; +91 6161366090,care@sadhev.com; info@sadhev.com; urcare@cholayil.com; turcare@cholayil.com; +91 7837969482; +91 6559684470; +91 7181238346; +91 7626792010; +91 6161759306; +91 7305015635; +91 8899107914; +91 6161366090,https://www.instagram.com/sadhev,https://www.facebook.com/Sadhev-114425633274351,,https://www.linkedin.com/company/sadhev,,,,,,3,Skincare,"Luxury Ayurvedic care, born from a 200-year lineage. Crafted from Sadhevana, our organic farm. Toxin-free, cruelty-free, Plastic Positive. Face, Hair and Body. Discover SADHEV.",https://sadhev.com/cdn/shop/files/logo_1.svg,Tamil Nadu,meta.json,catalog,json_ld,meta.json,meta.json,031zhu-ts.myshopify.com,seeds,4,100
https://sanfe.in,Sanfe,care@sanfe.in; bulkquery@sanfe.in,+91 6406724772; +91 6217617572; +91 6217650340; +91 9939003556; +91 9125722276,care@sanfe.in; bulkquery@sanfe.in; +91 6406724772; +91 6217617572; +91 6217650340; +91 9939003556; +91 9125722276,https://www.instagram.com/sanfeindia,https://www.facebook.com/profile.php,https://x.com/sanfe_india,https://in.linkedin.com/company/sanfeofficial,https://www.youtube.com/channel/UCO6msHL6wSfYUNX1Ug7bx-g,https://in.pinterest.com/sanfeindia,,,,6,Bath & Body,"Discover Sanfe’s range of women’s wellness and intimate care products designed to keep you fresh, confident, and comfortable every day.",,Delhi,meta.json,catalog,,meta.json,meta.json,sanfeshop.myshopify.com,seeds,6,100
https://skinkraft.com,SkinKraft,support@skinkraft.com,+91 7815578625; +91 8889352365; +91 9402539181; +91 6399517869,support@skinkraft.com; +91 7815578625; +91 8889352365; +91 9402539181; +91 6399517869,https://www.instagram.com/skinkraftofficial,https://www.facebook.com/skinkraftofficial,https://twitter.com/skinkraftcom,,,,,,,3,Skincare,"SkinKraft, your customized skincare regimen is a one-stop solution for all your skin concerns. Dermatologists-approved SkinKraft hair care and skincare products are formulated with 100% safe ingredients and do not contain SLS, parabens, etc. Buy SkinKraft products online at reasonable prices.",https://cdn.shopify.com/s/files/1/2028/2057/files/sk_new_logo.svg?v=1775633702,Telangana,meta.json,catalog,img_heuristic,meta.json,meta.json,skin-identity.myshopify.com,seeds,6,100
https://sugarcosmetics.com,SUGAR Cosmetics,hello@sugarcosmetics.com; grievance.officer@sugarcosmetics.com,+91 9647615059; +91 7815578625; +91 6920271955; +91 8121486714,hello@sugarcosmetics.com; grievance.officer@sugarcosmetics.com; +91 9647615059; +91 7815578625; +91 6920271955; +91 8121486714,https://www.instagram.com/trysugar,https://www.facebook.com/trySUGAR,https://x.com/trysugar,https://in.linkedin.com/company/sugar-cosmetics,https://www.youtube.com/@SUGARCosmetics,,,,,5,Beauty & Cosmetics,"Shop SUGAR Cosmetics&amp;#39; premium makeup &amp;amp; beauty products online. Browse lipsticks, foundations, kajal &amp;amp; more with free shipping across India.",https://www.sugarcosmetics.com/cdn/shop/files/WhatsApp-Thumbnail-SUGAR.jpg?v=1735039524&width=2048,Maharashtra,meta.json,catalog,og_image_fallback,meta.json,meta.json,sugar-cosmetics.myshopify.com,seeds,6,100
https://suta.in,Suta,info@suta.in,+91 9780959603; +91 6043422067; +91 6116598131; +91 6053137453; +91 9394625648; +91 6908126273,info@suta.in; +91 9780959603; +91 6043422067; +91 6116598131; +91 6053137453; +91 9394625648; +91 6908126273,,,,,,,https://wa.me/8291579185,,,1,Sarees & Ethnic Wear,"Suta works with weavers across India to create affordable ethnic wear, such as handloom designer lehengas, sarees and blouses with back designs. Shop now for Suta&#39;s latest collections online and enjoy the best deals.",,Maharashtra,meta.json,catalog,,meta.json,meta.json,suta-in.myshopify.com,seeds,2,100
https://tarinika.in,Tarinika India,support@tarinika.com,+91 9391008801; +91 8481592699; +91 6899897712; +91 6899864944; +91 6736609316; +91 7196148927; +91 6300864997; +91 6736707620; +91 7304823473; +91 6736576548; +91 7123577974; +91 6736838692,support@tarinika.com; +91 9391008801; +91 8481592699; +91 6899897712; +91 6899864944; +91 6736609316; +91 7196148927; +91 6300864997; +91 6736707620; +91 7304823473; +91 6736576548; +91 7123577974; +91 6736838692,https://instagram.com/shoptarinika,https://www.facebook.com/shoptarinika,,,https://www.youtube.com/c/Tarinika,https://www.pinterest.com/shoptarinika,,,,4,Jewellery,"Discover exquisite handcrafted Indian jewellery at Tarinika. Explore a wide selection of traditional and modern designs, from necklaces and earrings to bangles and bridal sets.",https://www.tarinika.in/cdn/shop/files/tarinika-new-logo.png?v=1662699798&width=112,West Bengal,meta.json,catalog,json_ld,meta.json,meta.json,tarinika.myshopify.com,seeds,6,100
https://thebearhouse.com,The Bear House,support@thebearhouse.com,+91 8068365518; +91 9071468640; +91 9071468643; +91 9071468646; +91 8884477728; +91 9237644444; +91 9999999999; +91 6793391355; +91 9245475996; +91 8868858107; +91 8257873147,support@thebearhouse.com; +91 8068365518; +91 9071468640; +91 9071468643; +91 9071468646; +91 8884477728; +91 9237644444; +91 9999999999; +91 6793391355; +91 9245475996; +91 8868858107; +91 8257873147,https://www.instagram.com/bearhouseindia,https://www.facebook.com/thebearhouseindia,https://x.com/bearhouseindia,https://www.linkedin.com/company/the-bear-house,,,https://wa.me/8448081017,,,5,Men's Apparel,Looking for stylish and affordable men&#39;s clothing? Look no further than The Bear House. Shop our online collection and elevate your wardrobe today.,https://thebearhouse.com/cdn/shop/files/logo-tbh.svg,Karnataka,meta.json,catalog,json_ld,meta.json,meta.json,thebearhouseindia.myshopify.com,seeds,4,100
https://thedermaco.com,The Derma Co,care@thedermaco.com; support@thedermaco.com; no-reply@thedermaco.com; nodal@honasa.in,+91 8880578807; +91 9290920451; +91 8800778017; +91 9473547511; +91 8967445751,care@thedermaco.com; support@thedermaco.com; no-reply@thedermaco.com; nodal@honasa.in; +91 8880578807; +91 9290920451; +91 8800778017; +91 9473547511; +91 8967445751,https://www.instagram.com/thedermacoindia,https://m.facebook.com/groups/thedermachatroom,https://x.com/thedermaco,,https://www.youtube.com/channel/UCak8KQ1SJXPx7bHIINsWFEA,,,,,4,Skincare,Buy The Derma Co’s Dermatologically Designed Skincare Products worth ₹1499 &amp; get Flat 30% Off. Enjoy an extra 5% discount on prepaid orders. (Code: FLAT30),https://thedermaco.com/cdn/shop/files/TheDermaCoLogo2-min.png?v=1755071586&width=500,Haryana,meta.json,catalog,json_ld,meta.json,meta.json,thedermaco.myshopify.com,seeds,6,100
https://theloveco.in,The Love Co,support@theloveco.in,+91 7404055520; +91 7404055570; +91 6667608065; +91 7586201729; +91 9996780673; +91 6039928961; +91 7843667073,support@theloveco.in; +91 7404055520; +91 7404055570; +91 6667608065; +91 7586201729; +91 9996780673; +91 6039928961; +91 7843667073,https://www.instagram.com/theloveco.in,https://www.facebook.com/thelovecoin,,,https://www.youtube.com/@TheLoveCoOfficial/featured,https://www.pinterest.com/thelovecoin,https://wa.me/917404055520,,,5,Bath & Body,"India&#39;s body-first, fragrance-led house. Body care for real skin concerns, scent rituals, and the confidence of being remembered.",https://theloveco.in/cdn/shop/t/156/assets/trail-jcb.jpg?v=42034879786254972961788606647,Haryana,meta.json,catalog,og_image_fallback,meta.json,meta.json,harrods-health.myshopify.com,seeds,6,100
https://themancompany.com,The Man Company,care@themancompany.com; corporategifting@themancompany.com,+91 8069645392; +91 8988271617; +91 6857651396; +91 6534401287; +91 8872270931; +91 7428768210; +91 6103428292; +91 7210511556,care@themancompany.com; corporategifting@themancompany.com; +91 8069645392; +91 8988271617; +91 6857651396; +91 6534401287; +91 8872270931; +91 7428768210; +91 6103428292; +91 7210511556,https://www.instagram.com/themancompany,https://www.facebook.com/Themancompany,https://twitter.com/themancompany,,https://www.youtube.com/@themancompany,,,,,4,Fragrance,"Complete Range of Premium Men&#39;s Grooming Products, enriched with Natural Essential Oils. Free of Harmful Chemicals | SLS &amp; Paraben Free",https://www.themancompany.com/cdn/shop/files/logo_08a2688e-7c47-4081-a0e8-942d40f74a6d.png?v=1663137227&width=500,Haryana,meta.json,catalog,json_ld,meta.json,meta.json,the-man-company.myshopify.com,seeds,6,100
https://thesleepcompany.in,The Sleep Company,care@thesleepcompany.in,+91 9811981911; +91 6065381605; +91 6065348837; +91 8928537949,care@thesleepcompany.in; +91 9811981911; +91 6065381605; +91 6065348837; +91 8928537949,https://www.instagram.com/thesleepcompany_official,https://www.facebook.com/thsleepco,,,https://www.youtube.com/channel/UCRC25UW34xBDU2mDFZ71_tQ,,https://api.whatsapp.com/send,,,4,Home & Living,"Buy mattresses online from the best mattress brand in India. The Sleep Company offers products with patented Japanese SmartGRID® Technology, including mattresses, pillows, and more. ✔ 100-Night Free Trial ✔ No-Cost EMI.",https://thesleepcompany.in/cdn/shop/files/new_logo.png?v=1654687951&width=180,Maharashtra,meta.json,catalog,json_ld,meta.json,meta.json,thesleepcompanystore.myshopify.com,seeds,5,88
https://tistabene.com,Tistabene,support@tistabene.com,+91 6580505775; +91 8226703535; +91 8798942491; +91 8005306543; +91 8422241455; +91 6100602031,support@tistabene.com; +91 6580505775; +91 8226703535; +91 8798942491; +91 8005306543; +91 8422241455; +91 6100602031,https://www.instagram.com/tistabene,https://www.facebook.com/tistabene,,,https://www.youtube.com/@Tistabene,,,,,3,Men's Apparel,Biggest Shirt Drop: Pick Any 5 @ ₹2000,https://www.tistabene.com/cdn/shop/files/New_Logo_Tista-Rectangle.png?v=1716359439&width=160,Rajasthan,meta.json,catalog,img_heuristic,meta.json,meta.json,tistab.myshopify.com,seeds,5,100
https://tresmode.com,Tresmode,customercare@tresmode.com; customer@tresmode.com,+91 8069181000; +91 6524206250; +91 7501349034; +91 8823889066; +91 8846951594; +91 6667608065; +91 8744635556; +91 8068972636; +91 7954001956; +91 7953969188,customercare@tresmode.com; customer@tresmode.com; +91 8069181000; +91 6524206250; +91 7501349034; +91 8823889066; +91 8846951594; +91 6667608065; +91 8744635556; +91 8068972636; +91 7954001956; +91 7953969188,https://www.instagram.com/tresmode,https://www.facebook.com/TresmodeIndia,https://twitter.com/tresmode,,https://www.youtube.com/channel/UCttzBs0fjAwSvJWoyBSURaQ,,,,,4,Footwear,"Premium footwear for men and women only at Tresmode. Find the perfect pair of sneakers, sandals, flats and more at our online or retail stores, across India.",https://www.tresmode.com/cdn/shop/files/Tresmode_Logo_140x_be971cec-c249-4f88-8846-e06a8a584046_140x.png?v=1693308843,Maharashtra,meta.json,catalog,json_ld,meta.json,meta.json,tresmode1.myshopify.com,seeds,6,100
https://twobrothersindiashop.com,Two Brothers Organic Farms,info@twobrothersindia.com,+91 9740616705; +91 8417629185; +91 9516664994; +91 9254580266; +91 8617138338; +91 7406753753; +91 6737982626; +91 6817132706; +91 8899923106; +91 9155336354,info@twobrothersindia.com; +91 9740616705; +91 8417629185; +91 9516664994; +91 9254580266; +91 8617138338; +91 7406753753; +91 6737982626; +91 6817132706; +91 8899923106; +91 9155336354,https://www.instagram.com/twobrothersindiafarms,https://www.facebook.com/twobrothersindiafarms,,https://www.linkedin.com/company/two-brothers-organic-farms,https://www.youtube.com/channel/UCA0vf7vasw1D1PvUPVYDGOA,,https://api.whatsapp.com/send,,,5,Food & Beverage,"We are your farmers, delivering foods that is grown traditionally, with ancient techniques and heirloom seeds. No middle-men, source-tracable &amp; clean-label food trusted by 2,50,000+ families worldwide.",https://twobrothersindiashop.com/cdn/shop/files/TBIF_Logo_For_Domestic-2.png?v=1785484468&width=230,Maharashtra,meta.json,catalog,json_ld,meta.json,meta.json,two-brothers-organic-farms-amorearth.myshopify.com,seeds,6,100
https://urbangabru.in,UrbanGabru | A GlobalBees Brand,,,,,,,,,,,,,0,Hair Care,,,Delhi,meta.json,catalog,,meta.json,meta.json,urbangabru-mens-lifestyle.myshopify.com,seeds,1,96
https://vedix.com,Vedix,support@vedix.com,+91 6121378883; +91 6235377731,support@vedix.com; +91 6121378883; +91 6235377731,,,,,,,,,,0,Hair Care,"Vedix products comprise customized hair care, skincare &amp; immunity products formulated by Ayurvedic doctors for your unique doshas. Take Dosha Quiz now!",https://cdn.shopify.com/s/files/1/0037/7690/5283/files/shopall.png?v=1719573744,Telangana,meta.json,catalog,img_heuristic,meta.json,meta.json,vedix-store.myshopify.com,seeds,3,100
https://weaverstory.com,WeaverStory,,+91 6687509655; +91 8883665047; +91 7767046401; +91 8036241665,+91 6687509655; +91 8883665047; +91 7767046401; +91 8036241665,https://www.instagram.com/real_weaverstory,https://www.facebook.com/WeaverStorydelhi,,https://www.linkedin.com/company/weaverstory,,https://in.pinterest.com/weaverstory,https://api.whatsapp.com/send,,,5,Sarees & Ethnic Wear,"WeaverStory is the house of India’s finest handloom—sarees, dupattas, lehengas, suits &amp; menswear. Banarasi, Kanjivaram, Patola, Pashmina—pure, handmade, unmatched",https://weaverstory.com/cdn/shop/files/Logo_2_1.png?v=1686396701&width=1078,Delhi,meta.json,catalog,json_ld,meta.json,meta.json,weaverstory.myshopify.com,seeds,4,100
https://wforwoman.com,wforwoman,customercare.tcns@abfrl.adityabirla.com,+91 7840041638; +91 7604192550; +91 9351461231; +91 8735941999; +91 6547696934; +91 7442790767,customercare.tcns@abfrl.adityabirla.com; +91 7840041638; +91 7604192550; +91 9351461231; +91 8735941999; +91 6547696934; +91 7442790767,https://www.instagram.com/wforwoman,https://www.facebook.com/WforWoman,https://x.com/WforWoman,,https://www.youtube.com/user/WforWoman,,https://api.whatsapp.com/send,,,5,Sarees & Ethnic Wear,"Shop elegant ethnic wear for women at W for Woman. Explore kurtas, co-ord sets , anarkalis &amp; festive styles crafted for modern elegance. COD, Easy Returns, and Pan-India delivery. Shop online now!",https://wforwoman.com/cdn/shop/files/logo_e7a9ec14-4db5-4882-87d1-4b1ea23fe66c.png,Uttar Pradesh,meta.json,catalog,json_ld,meta.json,meta.json,shopforw.myshopify.com,seeds,5,100
https://wrogn.com,Wrogn,care@wrogn.com,+91 8095733338; +91 9352036653; +91 8737698093; +91 7107957037; +91 7591226669; +91 6806752294; +91 7118153630,care@wrogn.com; +91 8095733338; +91 9352036653; +91 8737698093; +91 7107957037; +91 7591226669; +91 6806752294; +91 7118153630,https://www.instagram.com/staywrogn,https://www.facebook.com/StayWrogn,https://twitter.com/StayWrogn,,https://www.youtube.com/@WrognIn,,https://api.whatsapp.com/send,,,5,Men's Apparel,Find the latest trends in men&#39;s fashion and Virat&#39;s favourites right here. Stay fashion forward with our curated selection of unique styles for every occasion.,https://wrogn.com/cdn/shop/files/logo_icon_1.svg,Karnataka,meta.json,catalog,json_ld,meta.json,meta.json,wrogn-website.myshopify.com,seeds,6,100
https://zouk.co.in,Zouk,online@zouk.co.in; corporatesales@zouk.co.in,+91 9423550760; +91 8559962113; +91 7403599144; +91 6725492008; +91 7411496232; +91 8125784360; +91 9113607265,online@zouk.co.in; corporatesales@zouk.co.in; +91 9423550760; +91 8559962113; +91 7403599144; +91 6725492008; +91 7411496232; +91 8125784360; +91 9113607265,https://instagram.com/zoukonline,https://www.facebook.com/zoukonline,https://twitter.com/zoukbrand,https://www.linkedin.com/company/zouk,https://www.youtube.com/channel/UCAZeugt1M29zzQURXqvPLeQ,,,,,5,Bags & Luggage,"Online Shopping Site in India: Buy the latest fashion &amp; lifestyle products for men &amp; women online at Zouk. Check out the latest collection of Bags, Wallets, Footwear &amp; Accessories at best price. ✔Indian Fabrics like Ikat ✔PeTA approved 100% Vegan ✔Free Delivery",https://zouk.co.in/cdn/shop/files/zouk_new_logo.webp?v=1655936518&width=236,Maharashtra,meta.json,catalog,json_ld,meta.json,meta.json,zoukbags.myshopify.com,seeds,6,100
